row_id,employee_id,employee_name,gender
1,1001,Leanna Busson,M
2,1002,Zabrina Harrowsmith,M
3,1003,Shina Dullaghan,M
4,1004,Hewet McVitie,M
5,1005,Rubia Ashleigh,M
6,1006,Cordey Tolcher,M
7,1007,Winslow Ewbanck,M
8,1008,Marlowe Wynn,M
9,1009,Brittaney Gontier,M
10,1010,Susanetta Wilshin,M
11,1011,Michaeline McIndrew,M
12,1012,Fedora Dmych,M
13,1013,Marabel Swinfon,M
14,1014,Chrissie Wackly,M
15,1015,Avril Rossiter,M
16,1016,Gabbie Aldwinckle,M
17,1017,Devonna Cutting,M
18,1018,Chan Duchesne,M
19,1019,Chadwick Cruddas,M
20,1020,Gigi Kalaher,M
21,1021,Seana Hearons,M
22,1022,Blayne Sabatier,M
23,1023,Alair Grimwad,M
24,1024,Rici Fogden,M
25,1025,Ernaline Luce,M
26,1026,Timothy Compston,M
27,1027,Jayme Turvie,M
28,1028,Hadley Baddam,M
29,1029,Tyrus Pitkaithly,M
30,1030,Bernice Grindle,M
31,1031,Tammara Dionisetti,M
32,1032,Devlin Labet,M
33,1033,Luca Hantusch,F
34,1034,Ninon Corteney,F
35,1035,Adamo Saddington,F
36,1036,Xever Giacomelli,F
37,1037,Zulema Teml,F
38,1038,Joly Hagley,F
39,1039,Legra Neaverson,F
40,1040,Regan Gronaller,F
41,1041,Hana Stitch,F
42,1042,Horatius Genever,F
43,1043,Rodie Klaiser,F
44,1044,Avivah Chipchase,F
45,1045,Vicki Stockwell,F
46,1046,Meris Twitty,F
47,1047,Jarrett Brumby,F
48,1048,Ronnie Shiril,F
49,1049,Shanna Pietrzyk,F
50,1050,Moore Oolahan,F
51,1051,Kayley Brosoli,F
52,1052,Marena Lockhart,F
53,1053,Reinhold Gooble,F
54,1054,Tore Caras,F
55,1055,Giles Kyne,F
56,1056,Vinny Niland,F
57,1057,Anne-corinne Enrich,F
58,1058,Aurie Margett,F
59,1059,Martita Quakley,F
60,1060,Hyacinth Pepper,F
61,1061,Lin Avraam,F
62,1062,Denice Ledrane,F
63,1063,Kleon Trobey,F
64,1064,Annabella Devote,M
65,1065,Bertine Puddefoot,M
66,1066,Vasili Shearston,M
67,1067,Reta Jefferies,M
68,1068,Willa Gaisford,M
69,1069,Tiphany Peacop,M
70,1070,Dulcea Shrawley,M
71,1071,Tana Pawley,M
72,1072,Marinna Heal,M
73,1073,Jehanna Water,M
74,1074,Tracy Ebenezer,M
75,1075,Katinka Currier,M
76,1076,Chandra Carine,M
77,1077,Angela Kester,M
78,1078,Jethro Pollak,M
79,1079,Persis Spiteri,M
80,1080,Opal Bermingham,M
81,1081,Lanny Wardale,M
82,1082,Laina Baudains,M
83,1083,Kayne Fraczkiewicz,M
84,1084,Minta Loble,M
85,1085,Cornie Virr,M
86,1086,Corinna Maystone,M
87,1087,Barbara-anne Salerg,M
88,1088,Kendall Jakubski,M
89,1089,Matthiew Hinckes,M
90,1090,Warner Chevin,F
91,1091,Keen Murrhaupt,F
92,1092,Hillary Guiness,F
93,1093,Law Foker,F
94,1094,Otha Skein,F
95,1095,Pierre Rockwill,F
96,1096,Garvy Davioud,F
97,1097,Dean McLarty,F
98,1098,Kenyon Lemerle,F
99,1099,Benji Vineall,F
100,1100,Wilhelm Blaber,F
101,1101,Gerard Gilkison,F
102,1102,Hurleigh Sieb,F
103,1103,Monica Teodorski,F
104,1104,Nanny Franey,F
105,1105,Madelin Matityahu,F
106,1106,Rachel Colebrook,F
107,1107,Sandy Yushachkov,F
108,1108,Merrill Care,F
109,1109,Karoly Wadge,F
110,1110,Giralda Trewin,F
111,1111,Eada Viccary,F
112,1112,Hadlee Douthwaite,M
113,1113,Hew Cardinal,M
114,1114,Cecile Jayume,M
115,1115,Adair Ruddoch,M
116,1116,Erik Osgar,M
117,1117,Alexei Hurburt,M
118,1118,Meghan Simic,M
119,1119,Margeaux Getley,M
120,1120,Didi Garton,M
121,1121,Nollie Yorath,M
122,1122,Katey Dubbin,M
123,1123,Yardley Dreamer,M
124,1124,Pate De Ambrosis,M
125,1125,Lesli Pitfield,M
126,1126,Hashim Banes,M
127,1127,Merl Gayforth,M
128,1128,Daisy Camillo,M
129,1129,Beatrisa Winterscale,M
130,1130,Jeniece Dumbare,M
131,1131,Stephanus Torbett,F
132,1132,Christian Simko,F
133,1133,Bette-ann Harteley,F
134,1134,Raul Pockey,F
135,1135,Mycah Rodie,F
136,1136,Camala Bradbeer,F
137,1137,Fin Betjes,F
138,1138,Lorna Srawley,F
139,1139,Vida Matchitt,F
140,1140,Frankie Wewell,F
141,1141,Jewelle Gatiss,F
142,1142,Valerie D'Errico,F
143,1143,Hewitt Hanscome,F
144,1144,Elaina Agate,F
145,1145,Mirabelle Bampkin,M
146,1146,Lawry Mannooch,M
147,1147,Mahmud Pumfrett,M
148,1148,Ikey Spohr,M
149,1149,Marven Argontt,M
150,1150,Biddy Devanney,M
151,1151,Lucie Lyenyng,M
152,1152,Panchito Wybern,M
153,1153,Jeramey Kopacek,M
154,1154,Ricky Fraser,M
155,1155,Myrle Kelby,M
156,1156,Cosmo Leys,M
157,1157,Miguelita Rasp,M
158,1158,Ann-marie Sinden,M
159,1159,Marga Longhurst,M
160,1160,Christi Reston,M
161,1161,Katalin Tellesson,M
162,1162,Ignacius Gardiner,M
163,1163,Harrietta Burchatt,M
164,1164,Lyda Schneidau,M
165,1165,Beau Schwandermann,M
166,1166,Stesha Lusted,M
167,1167,Alayne Ipplett,M
168,1168,Gwenore Samudio,M
169,1169,Wald Kaine,M
170,1170,Melania Murton,M
171,1171,Mariellen Medendorp,M
172,1172,Gennifer Sharpus,M
173,1173,Mychal Mynett,M
174,1174,Iona Middlewick,M
175,1175,Patrica Penny,M
176,1176,Curtis McCarroll,M
177,1177,Wake Guard,M
178,1178,Gunner Murdie,M
179,1179,Leeann Gowdie,M
180,1180,Nelli Engall,M
181,1181,Puff Newbury,M
182,1182,Ricardo James,M
183,1183,Martin O'Mailey,M
184,1184,Holden Whybrow,M
185,1185,Darrelle Padson,M
186,1186,Neill Steptoe,M
187,1187,Trenton Lydiard,M
188,1188,Poul Rossi,M
189,1189,Deedee Pashe,M
190,1190,Jewel Dericut,M
191,1191,Isis Doel,M
192,1192,Tommy Ebunoluwa,M
193,1193,Harland Hawkeridge,M
194,1194,Brennen Breward,M
195,1195,Tobye De Caville,M
196,1196,Erroll Michelle,M
197,1197,Dorris Simonsson,M
198,1198,Yevette Weekes,M
199,1199,Clayson Mealing,M
200,1200,Melba Badam,M
201,1201,Loni Tort,M
202,1202,Jewel Roakes,M
203,1203,Angil Crunden,M
204,1204,Bird McGarvie,M
205,1205,Elicia Flaunders,M
206,1206,Crin Johnikin,M
207,1207,Brade Caught,M
208,1208,Shaylyn Musla,M
209,1209,Lauryn Deport,M
210,1210,Arden Lasselle,M
211,1211,Rowena Doe,M
212,1212,Evelyn Chevolleau,M
213,1213,Karl Ramsell,M
214,1214,Whitaker Pashen,M
215,1215,Alida Spitaro,M
216,1216,Pattin Carley,M
217,1217,Silvan Norcross,M
218,1218,Worthington Knapton,M
219,1219,Jerald MacMeeking,M
220,1220,Francisca Accum,F
221,1221,Araldo Washtell,F
222,1222,Ewen Bate,F
223,1223,Saxe Stormonth,F
224,1224,Shelbi Impson,F
225,1225,Monty Gowen,F
226,1226,Neilla Moring,F
227,1227,Isaak Ferrarone,F
228,1228,Zaria Garken,F
229,1229,Codie Escalero,F
230,1230,Bourke Pembery,F
231,1231,Keeley Nassie,F
232,1232,Kaitlyn Pinare,F
233,1233,Beverlie Blance,F
234,1234,Duncan Walliker,F
235,1235,Beck Oldham,F
236,1236,Anders Couvert,F
237,1237,Cassaundra Sliman,F
238,1238,Hilda Peter,F
239,1239,Daria Embleton,F
240,1240,Brian Finnes,F
241,1241,Valentine Marley,M
242,1242,Aimee Giorgio,M
243,1243,Jo ann Snoden,M
244,1244,Faunie Cooney,F
245,1245,Elva Root,F
246,1246,Lucias Forsythe,F
247,1247,Atlante McGrotty,F
248,1248,Danica Brunker,F
249,1249,Torie Minihan,F
